Actual Sales,Predicted Sales
4750,4750.000000000001
2150,2149.9999999999995
3550,3550.0000000000005
4050,4050.0000000000005
2480,2480.0
4180,4180.000000000001
2950,2950.0000000000005
2200,2200.0
