Feature,Coefficient
Profit,4.999999999999997
Quantity,1.759820452410392e-13
Discount,-1.5746307875494943e-14
Month,-1.0590878667939299e-13
Year,-9.585853346367496e-13
