Month,Predicted Sales
Jan 2026,4900.000000000002
Feb 2026,5050.000000000002
Mar 2026,5200.000000000002
